{
  "cluster_count": 9,
  "total_meshes": 7266,
  "clusters": [
    {
      "id": 0,
      "name": "文教施設地域",
      "color": "#3498db",
      "count": 337,
      "avg_buildings": 10.833827893175075,
      "avg_restaurants": 0.5875370919881305,
      "sum_buildings": 3651,
      "sum_restaurants": 198,
      "building_types": {
        "官公庁施設": 21,
        "共同住宅": 168,
        "住宅": 478,
        "商業施設": 80,
        "文教厚生施設": 2729,
        "業務施設": 128,
        "商業系複合施設": 1,
        "店舗等併用住宅": 23,
        "店舗等併用共同住宅": 12,
        "宿泊施設": 11
      },
      "ratios": {
        "官公庁施設": 0.005751848808545604,
        "共同住宅": 0.04601479046836483,
        "住宅": 0.13092303478499043,
        "商業施設": 0.021911804984935633,
        "文教厚生施設": 0.7474664475486168,
        "業務施設": 0.03505888797589701,
        "商業系複合施設": 0.0002738975623116954,
        "店舗等併用住宅": 0.006299643933168995,
        "店舗等併用共同住宅": 0.003286770747740345,
        "宿泊施設": 0.0030128731854286495
      }
    },
    {
      "id": 1,
      "name": "戸建住宅地域",
      "color": "#27ae60",
      "count": 4480,
      "avg_buildings": 93.58816964285714,
      "avg_restaurants": 0.8803571428571428,
      "sum_buildings": 419275,
      "sum_restaurants": 3944,
      "building_types": {
        "官公庁施設": 610,
        "共同住宅": 31600,
        "住宅": 347498,
        "商業施設": 6688,
        "文教厚生施設": 13450,
        "業務施設": 8924,
        "商業系複合施設": 3,
        "店舗等併用住宅": 8327,
        "店舗等併用共同住宅": 1947,
        "宿泊施設": 228
      },
      "ratios": {
        "官公庁施設": 0.0014548923737403852,
        "共同住宅": 0.07536819509868226,
        "住宅": 0.8288068690000596,
        "商業施設": 0.015951344582910976,
        "文教厚生施設": 0.03207918430624292,
        "業務施設": 0.02128435990698229,
        "商業系複合施設": 7.1552083954445176e-06,
        "店舗等併用住宅": 0.01986047343628883,
        "店舗等併用共同住宅": 0.004643730248643492,
        "宿泊施設": 0.0005437958380537833
      }
    },
    {
      "id": 2,
      "name": "宿泊施設地域",
      "color": "#e91e63",
      "count": 21,
      "avg_buildings": 7.238095238095238,
      "avg_restaurants": 6.190476190476191,
      "sum_buildings": 152,
      "sum_restaurants": 130,
      "building_types": {
        "官公庁施設": 0,
        "共同住宅": 1,
        "住宅": 22,
        "商業施設": 17,
        "文教厚生施設": 4,
        "業務施設": 5,
        "商業系複合施設": 0,
        "店舗等併用住宅": 0,
        "店舗等併用共同住宅": 0,
        "宿泊施設": 103
      },
      "ratios": {
        "官公庁施設": 0.0,
        "共同住宅": 0.006578947368421052,
        "住宅": 0.14473684210526316,
        "商業施設": 0.1118421052631579,
        "文教厚生施設": 0.02631578947368421,
        "業務施設": 0.03289473684210526,
        "商業系複合施設": 0.0,
        "店舗等併用住宅": 0.0,
        "店舗等併用共同住宅": 0.0,
        "宿泊施設": 0.6776315789473685
      }
    },
    {
      "id": 3,
      "name": "業務地域",
      "color": "#e74c3c",
      "count": 731,
      "avg_buildings": 8.043775649794801,
      "avg_restaurants": 3.897400820793434,
      "sum_buildings": 5880,
      "sum_restaurants": 2849,
      "building_types": {
        "官公庁施設": 65,
        "共同住宅": 255,
        "住宅": 748,
        "商業施設": 479,
        "文教厚生施設": 186,
        "業務施設": 3999,
        "商業系複合施設": 2,
        "店舗等併用住宅": 40,
        "店舗等併用共同住宅": 51,
        "宿泊施設": 55
      },
      "ratios": {
        "官公庁施設": 0.011054421768707483,
        "共同住宅": 0.04336734693877551,
        "住宅": 0.1272108843537415,
        "商業施設": 0.0814625850340136,
        "文教厚生施設": 0.03163265306122449,
        "業務施設": 0.6801020408163265,
        "商業系複合施設": 0.0003401360544217687,
        "店舗等併用住宅": 0.006802721088435374,
        "店舗等併用共同住宅": 0.008673469387755102,
        "宿泊施設": 0.00935374149659864
      }
    },
    {
      "id": 4,
      "name": "複合商業地域",
      "color": "#ffd54f",
      "count": 2,
      "avg_buildings": 1.5,
      "avg_restaurants": 44.5,
      "sum_buildings": 3,
      "sum_restaurants": 89,
      "building_types": {
        "官公庁施設": 0,
        "共同住宅": 0,
        "住宅": 0,
        "商業施設": 0,
        "文教厚生施設": 0,
        "業務施設": 0,
        "商業系複合施設": 3,
        "店舗等併用住宅": 0,
        "店舗等併用共同住宅": 0,
        "宿泊施設": 0
      },
      "ratios": {
        "官公庁施設": 0.0,
        "共同住宅": 0.0,
        "住宅": 0.0,
        "商業施設": 0.0,
        "文教厚生施設": 0.0,
        "業務施設": 0.0,
        "商業系複合施設": 1.0,
        "店舗等併用住宅": 0.0,
        "店舗等併用共同住宅": 0.0,
        "宿泊施設": 0.0
      }
    },
    {
      "id": 5,
      "name": "住宅混合地域（戸建＋集合）",
      "color": "#58d68d",
      "count": 1399,
      "avg_buildings": 82.68048606147248,
      "avg_restaurants": 8.887062187276626,
      "sum_buildings": 115670,
      "sum_restaurants": 12433,
      "building_types": {
        "官公庁施設": 592,
        "共同住宅": 32726,
        "住宅": 46068,
        "商業施設": 8016,
        "文教厚生施設": 7650,
        "業務施設": 9164,
        "商業系複合施設": 46,
        "店舗等併用住宅": 4085,
        "店舗等併用共同住宅": 6797,
        "宿泊施設": 526
      },
      "ratios": {
        "官公庁施設": 0.005118008126566958,
        "共同住宅": 0.28292556410478087,
        "住宅": 0.3982709432004841,
        "商業施設": 0.06930059652459583,
        "文教厚生施設": 0.06613642258148181,
        "業務施設": 0.07922538255381689,
        "商業系複合施設": 0.00039768306388864873,
        "店舗等併用住宅": 0.03531598513011153,
        "店舗等併用共同住宅": 0.05876199533154664,
        "宿泊施設": 0.004547419382726722
      }
    },
    {
      "id": 6,
      "name": "要確認（建物0/飲食突出）",
      "color": "#c0392b",
      "count": 1,
      "avg_buildings": 0.0,
      "avg_restaurants": 252.0,
      "sum_buildings": 0,
      "sum_restaurants": 252,
      "building_types": {
        "官公庁施設": 0,
        "共同住宅": 0,
        "住宅": 0,
        "商業施設": 0,
        "文教厚生施設": 0,
        "業務施設": 0,
        "商業系複合施設": 0,
        "店舗等併用住宅": 0,
        "店舗等併用共同住宅": 0,
        "宿泊施設": 0
      },
      "ratios": {
        "官公庁施設": 0.0,
        "共同住宅": 0.0,
        "住宅": 0.0,
        "商業施設": 0.0,
        "文教厚生施設": 0.0,
        "業務施設": 0.0,
        "商業系複合施設": 0.0,
        "店舗等併用住宅": 0.0,
        "店舗等併用共同住宅": 0.0,
        "宿泊施設": 0.0
      }
    },
    {
      "id": 7,
      "name": "官公庁施設地域",
      "color": "#9b59b6",
      "count": 84,
      "avg_buildings": 7.714285714285714,
      "avg_restaurants": 1.4047619047619047,
      "sum_buildings": 648,
      "sum_restaurants": 118,
      "building_types": {
        "官公庁施設": 433,
        "共同住宅": 22,
        "住宅": 48,
        "商業施設": 24,
        "文教厚生施設": 41,
        "業務施設": 71,
        "商業系複合施設": 0,
        "店舗等併用住宅": 6,
        "店舗等併用共同住宅": 3,
        "宿泊施設": 0
      },
      "ratios": {
        "官公庁施設": 0.6682098765432098,
        "共同住宅": 0.033950617283950615,
        "住宅": 0.07407407407407407,
        "商業施設": 0.037037037037037035,
        "文教厚生施設": 0.06327160493827161,
        "業務施設": 0.1095679012345679,
        "商業系複合施設": 0.0,
        "店舗等併用住宅": 0.009259259259259259,
        "店舗等併用共同住宅": 0.004629629629629629,
        "宿泊施設": 0.0
      }
    },
    {
      "id": 8,
      "name": "商業集積地域",
      "color": "#f1c40f",
      "count": 211,
      "avg_buildings": 9.402843601895734,
      "avg_restaurants": 13.317535545023697,
      "sum_buildings": 1984,
      "sum_restaurants": 2810,
      "building_types": {
        "官公庁施設": 10,
        "共同住宅": 45,
        "住宅": 165,
        "商業施設": 1481,
        "文教厚生施設": 86,
        "業務施設": 152,
        "商業系複合施設": 1,
        "店舗等併用住宅": 15,
        "店舗等併用共同住宅": 10,
        "宿泊施設": 19
      },
      "ratios": {
        "官公庁施設": 0.005040322580645161,
        "共同住宅": 0.022681451612903226,
        "住宅": 0.08316532258064516,
        "商業施設": 0.7464717741935484,
        "文教厚生施設": 0.04334677419354839,
        "業務施設": 0.07661290322580645,
        "商業系複合施設": 0.0005040322580645161,
        "店舗等併用住宅": 0.007560483870967742,
        "店舗等併用共同住宅": 0.005040322580645161,
        "宿泊施設": 0.009576612903225807
      }
    }
  ]
}