{
  "cluster_count": 8,
  "total_meshes": 7266,
  "clusters": [
    {
      "id": 0,
      "name": "業務地域",
      "color": "#e74c3c",
      "count": 761,
      "avg_buildings": 8.139290407358738,
      "avg_restaurants": 4.1721419185282524,
      "sum_buildings": 6194,
      "sum_restaurants": 3175,
      "building_types": {
        "官公庁施設": 74,
        "共同住宅": 264,
        "住宅": 785,
        "商業施設": 530,
        "文教厚生施設": 201,
        "業務施設": 4037,
        "商業系複合施設": 3,
        "店舗等併用住宅": 51,
        "店舗等併用共同住宅": 57,
        "宿泊施設": 192
      },
      "ratios": {
        "官公庁施設": 0.011947045527930255,
        "共同住宅": 0.042621892153697126,
        "住宅": 0.12673555053277366,
        "商業施設": 0.08556667742977074,
        "文教厚生施設": 0.03245075879883758,
        "業務施設": 0.6517597675169519,
        "商業系複合施設": 0.00048433968356474005,
        "店舗等併用住宅": 0.00823377462060058,
        "店舗等併用共同住宅": 0.009202453987730062,
        "宿泊施設": 0.030997739748143363
      }
    },
    {
      "id": 1,
      "name": "商業集積地域",
      "color": "#f1c40f",
      "count": 213,
      "avg_buildings": 9.384976525821596,
      "avg_restaurants": 13.19718309859155,
      "sum_buildings": 1999,
      "sum_restaurants": 2811,
      "building_types": {
        "官公庁施設": 10,
        "共同住宅": 45,
        "住宅": 165,
        "商業施設": 1488,
        "文教厚生施設": 86,
        "業務施設": 152,
        "商業系複合施設": 1,
        "店舗等併用住宅": 16,
        "店舗等併用共同住宅": 10,
        "宿泊施設": 26
      },
      "ratios": {
        "官公庁施設": 0.0050025012506253125,
        "共同住宅": 0.022511255627813906,
        "住宅": 0.08254127063531766,
        "商業施設": 0.7443721860930466,
        "文教厚生施設": 0.04302151075537769,
        "業務施設": 0.07603801900950476,
        "商業系複合施設": 0.0005002501250625312,
        "店舗等併用住宅": 0.0080040020010005,
        "店舗等併用共同住宅": 0.0050025012506253125,
        "宿泊施設": 0.013006503251625813
      }
    },
    {
      "id": 2,
      "name": "住宅混合地域（戸建＋集合）",
      "color": "#58d68d",
      "count": 1339,
      "avg_buildings": 82.6908140403286,
      "avg_restaurants": 8.850634802091113,
      "sum_buildings": 110723,
      "sum_restaurants": 11851,
      "building_types": {
        "官公庁施設": 578,
        "共同住宅": 32137,
        "住宅": 43634,
        "商業施設": 7572,
        "文教厚生施設": 7267,
        "業務施設": 8846,
        "商業系複合施設": 44,
        "店舗等併用住宅": 3459,
        "店舗等併用共同住宅": 6702,
        "宿泊施設": 484
      },
      "ratios": {
        "官公庁施設": 0.005220234278334222,
        "共同住宅": 0.29024683218482156,
        "住宅": 0.39408253027826196,
        "商業施設": 0.06838687535561717,
        "文教厚生施設": 0.06563225346134047,
        "業務施設": 0.0798930664812189,
        "商業系複合施設": 0.000397388076551394,
        "店舗等併用住宅": 0.03124012174525618,
        "店舗等併用共同住宅": 0.06052942929653279,
        "宿泊施設": 0.004371268842065334
      }
    },
    {
      "id": 3,
      "name": "複合商業地域",
      "color": "#ffd54f",
      "count": 2,
      "avg_buildings": 1.5,
      "avg_restaurants": 44.5,
      "sum_buildings": 3,
      "sum_restaurants": 89,
      "building_types": {
        "官公庁施設": 0,
        "共同住宅": 0,
        "住宅": 0,
        "商業施設": 0,
        "文教厚生施設": 0,
        "業務施設": 0,
        "商業系複合施設": 3,
        "店舗等併用住宅": 0,
        "店舗等併用共同住宅": 0,
        "宿泊施設": 0
      },
      "ratios": {
        "官公庁施設": 0.0,
        "共同住宅": 0.0,
        "住宅": 0.0,
        "商業施設": 0.0,
        "文教厚生施設": 0.0,
        "業務施設": 0.0,
        "商業系複合施設": 1.0,
        "店舗等併用住宅": 0.0,
        "店舗等併用共同住宅": 0.0,
        "宿泊施設": 0.0
      }
    },
    {
      "id": 4,
      "name": "官公庁施設地域",
      "color": "#9b59b6",
      "count": 83,
      "avg_buildings": 7.554216867469879,
      "avg_restaurants": 1.3975903614457832,
      "sum_buildings": 627,
      "sum_restaurants": 116,
      "building_types": {
        "官公庁施設": 424,
        "共同住宅": 11,
        "住宅": 47,
        "商業施設": 24,
        "文教厚生施設": 41,
        "業務施設": 71,
        "商業系複合施設": 0,
        "店舗等併用住宅": 6,
        "店舗等併用共同住宅": 3,
        "宿泊施設": 0
      },
      "ratios": {
        "官公庁施設": 0.6762360446570973,
        "共同住宅": 0.017543859649122806,
        "住宅": 0.07496012759170653,
        "商業施設": 0.03827751196172249,
        "文教厚生施設": 0.06539074960127592,
        "業務施設": 0.11323763955342903,
        "商業系複合施設": 0.0,
        "店舗等併用住宅": 0.009569377990430622,
        "店舗等併用共同住宅": 0.004784688995215311,
        "宿泊施設": 0.0
      }
    },
    {
      "id": 5,
      "name": "戸建住宅地域",
      "color": "#27ae60",
      "count": 4529,
      "avg_buildings": 93.61691322587768,
      "avg_restaurants": 0.9562817398984323,
      "sum_buildings": 423991,
      "sum_restaurants": 4331,
      "building_types": {
        "官公庁施設": 624,
        "共同住宅": 32183,
        "住宅": 349895,
        "商業施設": 7091,
        "文教厚生施設": 13786,
        "業務施設": 9207,
        "商業系複合施設": 4,
        "店舗等併用住宅": 8937,
        "店舗等併用共同住宅": 2035,
        "宿泊施設": 229
      },
      "ratios": {
        "官公庁施設": 0.001471729352745695,
        "共同住宅": 0.0759049130759851,
        "住宅": 0.8252415735239663,
        "商業施設": 0.01672441160307648,
        "文教厚生施設": 0.0325148411169105,
        "業務施設": 0.021715083574887203,
        "商業系複合施設": 9.434162517600609e-06,
        "店舗等併用住宅": 0.021078277604949163,
        "店舗等併用共同住宅": 0.00479963018082931,
        "宿泊施設": 0.0005401058041326349
      }
    },
    {
      "id": 6,
      "name": "要確認（建物0/飲食突出）",
      "color": "#c0392b",
      "count": 1,
      "avg_buildings": 0.0,
      "avg_restaurants": 252.0,
      "sum_buildings": 0,
      "sum_restaurants": 252,
      "building_types": {
        "官公庁施設": 0,
        "共同住宅": 0,
        "住宅": 0,
        "商業施設": 0,
        "文教厚生施設": 0,
        "業務施設": 0,
        "商業系複合施設": 0,
        "店舗等併用住宅": 0,
        "店舗等併用共同住宅": 0,
        "宿泊施設": 0
      },
      "ratios": {
        "官公庁施設": 0.0,
        "共同住宅": 0.0,
        "住宅": 0.0,
        "商業施設": 0.0,
        "文教厚生施設": 0.0,
        "業務施設": 0.0,
        "商業系複合施設": 0.0,
        "店舗等併用住宅": 0.0,
        "店舗等併用共同住宅": 0.0,
        "宿泊施設": 0.0
      }
    },
    {
      "id": 7,
      "name": "文教施設地域",
      "color": "#3498db",
      "count": 338,
      "avg_buildings": 11.023668639053254,
      "avg_restaurants": 0.5857988165680473,
      "sum_buildings": 3726,
      "sum_restaurants": 198,
      "building_types": {
        "官公庁施設": 21,
        "共同住宅": 177,
        "住宅": 501,
        "商業施設": 80,
        "文教厚生施設": 2765,
        "業務施設": 130,
        "商業系複合施設": 1,
        "店舗等併用住宅": 27,
        "店舗等併用共同住宅": 13,
        "宿泊施設": 11
      },
      "ratios": {
        "官公庁施設": 0.005636070853462158,
        "共同住宅": 0.04750402576489533,
        "住宅": 0.13446054750402575,
        "商業施設": 0.02147074610842727,
        "文教厚生施設": 0.7420826623725174,
        "業務施設": 0.03488996242619431,
        "商業系複合施設": 0.00026838432635534085,
        "店舗等併用住宅": 0.007246376811594203,
        "店舗等併用共同住宅": 0.003488996242619431,
        "宿泊施設": 0.0029522275899087494
      }
    }
  ]
}