{
  "cluster_count": 7,
  "total_meshes": 7266,
  "clusters": [
    {
      "id": 0,
      "name": "戸建住宅地域",
      "color": "#27ae60",
      "count": 4501,
      "avg_buildings": 93.54410131081981,
      "avg_restaurants": 0.8909131304154633,
      "sum_buildings": 421042,
      "sum_restaurants": 4010,
      "building_types": {
        "官公庁施設": 614,
        "共同住宅": 31925,
        "住宅": 348484,
        "商業施設": 6791,
        "文教厚生施設": 13546,
        "業務施設": 9036,
        "商業系複合施設": 3,
        "店舗等併用住宅": 8445,
        "店舗等併用共同住宅": 1979,
        "宿泊施設": 219
      },
      "ratios": {
        "官公庁施設": 0.001458286821742249,
        "共同住宅": 0.07582378955068615,
        "住宅": 0.8276703986775666,
        "商業施設": 0.016129032258064516,
        "文教厚生施設": 0.03217256235719952,
        "業務施設": 0.021461041891307757,
        "商業系複合施設": 7.125179910792748e-06,
        "店舗等併用住宅": 0.020057381448881584,
        "店舗等併用共同住宅": 0.004700243681152949,
        "宿泊施設": 0.0005201381334878706
      }
    },
    {
      "id": 1,
      "name": "住宅混合地域（戸建＋集合）",
      "color": "#58d68d",
      "count": 1369,
      "avg_buildings": 83.0964207450694,
      "avg_restaurants": 8.894083272461652,
      "sum_buildings": 113759,
      "sum_restaurants": 12176,
      "building_types": {
        "官公庁施設": 588,
        "共同住宅": 32404,
        "住宅": 45071,
        "商業施設": 7874,
        "文教厚生施設": 7543,
        "業務施設": 9023,
        "商業系複合施設": 45,
        "店舗等併用住宅": 3958,
        "店舗等併用共同住宅": 6759,
        "宿泊施設": 494
      },
      "ratios": {
        "官公庁施設": 0.00516882180750534,
        "共同住宅": 0.2848477922625902,
        "住宅": 0.3961972239559068,
        "商業施設": 0.06921650155152559,
        "文教厚生施設": 0.06630684165648432,
        "業務施設": 0.07931680130802837,
        "商業系複合施設": 0.0003955730975131638,
        "店舗等併用住宅": 0.03479285155460227,
        "店舗等併用共同住宅": 0.0594150792464772,
        "宿泊施設": 0.004342513559366732
      }
    },
    {
      "id": 2,
      "name": "文教施設地域",
      "color": "#3498db",
      "count": 337,
      "avg_buildings": 10.833827893175075,
      "avg_restaurants": 0.5875370919881305,
      "sum_buildings": 3651,
      "sum_restaurants": 198,
      "building_types": {
        "官公庁施設": 21,
        "共同住宅": 168,
        "住宅": 478,
        "商業施設": 80,
        "文教厚生施設": 2729,
        "業務施設": 128,
        "商業系複合施設": 1,
        "店舗等併用住宅": 23,
        "店舗等併用共同住宅": 12,
        "宿泊施設": 11
      },
      "ratios": {
        "官公庁施設": 0.005751848808545604,
        "共同住宅": 0.04601479046836483,
        "住宅": 0.13092303478499043,
        "商業施設": 0.021911804984935633,
        "文教厚生施設": 0.7474664475486168,
        "業務施設": 0.03505888797589701,
        "商業系複合施設": 0.0002738975623116954,
        "店舗等併用住宅": 0.006299643933168995,
        "店舗等併用共同住宅": 0.003286770747740345,
        "宿泊施設": 0.0030128731854286495
      }
    },
    {
      "id": 3,
      "name": "官公庁施設地域",
      "color": "#9b59b6",
      "count": 83,
      "avg_buildings": 7.554216867469879,
      "avg_restaurants": 1.3975903614457832,
      "sum_buildings": 627,
      "sum_restaurants": 116,
      "building_types": {
        "官公庁施設": 424,
        "共同住宅": 11,
        "住宅": 47,
        "商業施設": 24,
        "文教厚生施設": 41,
        "業務施設": 71,
        "商業系複合施設": 0,
        "店舗等併用住宅": 6,
        "店舗等併用共同住宅": 3,
        "宿泊施設": 0
      },
      "ratios": {
        "官公庁施設": 0.6762360446570973,
        "共同住宅": 0.017543859649122806,
        "住宅": 0.07496012759170653,
        "商業施設": 0.03827751196172249,
        "文教厚生施設": 0.06539074960127592,
        "業務施設": 0.11323763955342903,
        "商業系複合施設": 0.0,
        "店舗等併用住宅": 0.009569377990430622,
        "店舗等併用共同住宅": 0.004784688995215311,
        "宿泊施設": 0.0
      }
    },
    {
      "id": 4,
      "name": "業務地域",
      "color": "#e74c3c",
      "count": 761,
      "avg_buildings": 8.123521681997373,
      "avg_restaurants": 4.498028909329829,
      "sum_buildings": 6182,
      "sum_restaurants": 3423,
      "building_types": {
        "官公庁施設": 74,
        "共同住宅": 264,
        "住宅": 782,
        "商業施設": 528,
        "文教厚生施設": 201,
        "業務施設": 4033,
        "商業系複合施設": 3,
        "店舗等併用住宅": 48,
        "店舗等併用共同住宅": 57,
        "宿泊施設": 192
      },
      "ratios": {
        "官公庁施設": 0.011970236169524426,
        "共同住宅": 0.042704626334519574,
        "住宅": 0.12649627952119055,
        "商業施設": 0.08540925266903915,
        "文教厚生施設": 0.032513749595600126,
        "業務施設": 0.6523778712390812,
        "商業系複合施設": 0.00048527984471044967,
        "店舗等併用住宅": 0.007764477515367195,
        "店舗等併用共同住宅": 0.009220317049498545,
        "宿泊施設": 0.03105791006146878
      }
    },
    {
      "id": 5,
      "name": "複合商業地域",
      "color": "#ffd54f",
      "count": 2,
      "avg_buildings": 1.5,
      "avg_restaurants": 44.5,
      "sum_buildings": 3,
      "sum_restaurants": 89,
      "building_types": {
        "官公庁施設": 0,
        "共同住宅": 0,
        "住宅": 0,
        "商業施設": 0,
        "文教厚生施設": 0,
        "業務施設": 0,
        "商業系複合施設": 3,
        "店舗等併用住宅": 0,
        "店舗等併用共同住宅": 0,
        "宿泊施設": 0
      },
      "ratios": {
        "官公庁施設": 0.0,
        "共同住宅": 0.0,
        "住宅": 0.0,
        "商業施設": 0.0,
        "文教厚生施設": 0.0,
        "業務施設": 0.0,
        "商業系複合施設": 1.0,
        "店舗等併用住宅": 0.0,
        "店舗等併用共同住宅": 0.0,
        "宿泊施設": 0.0
      }
    },
    {
      "id": 6,
      "name": "商業集積地域",
      "color": "#f1c40f",
      "count": 213,
      "avg_buildings": 9.384976525821596,
      "avg_restaurants": 13.19718309859155,
      "sum_buildings": 1999,
      "sum_restaurants": 2811,
      "building_types": {
        "官公庁施設": 10,
        "共同住宅": 45,
        "住宅": 165,
        "商業施設": 1488,
        "文教厚生施設": 86,
        "業務施設": 152,
        "商業系複合施設": 1,
        "店舗等併用住宅": 16,
        "店舗等併用共同住宅": 10,
        "宿泊施設": 26
      },
      "ratios": {
        "官公庁施設": 0.0050025012506253125,
        "共同住宅": 0.022511255627813906,
        "住宅": 0.08254127063531766,
        "商業施設": 0.7443721860930466,
        "文教厚生施設": 0.04302151075537769,
        "業務施設": 0.07603801900950476,
        "商業系複合施設": 0.0005002501250625312,
        "店舗等併用住宅": 0.0080040020010005,
        "店舗等併用共同住宅": 0.0050025012506253125,
        "宿泊施設": 0.013006503251625813
      }
    }
  ]
}