{
  "cluster_count": 5,
  "total_meshes": 7266,
  "clusters": [
    {
      "id": 0,
      "name": "業務地域",
      "color": "#e74c3c",
      "count": 1153,
      "avg_buildings": 8.673026886383347,
      "avg_restaurants": 2.9965307892454467,
      "sum_buildings": 10000,
      "sum_restaurants": 3455,
      "building_types": {
        "官公庁施設": 520,
        "共同住宅": 360,
        "住宅": 1252,
        "商業施設": 597,
        "文教厚生施設": 2986,
        "業務施設": 4083,
        "商業系複合施設": 4,
        "店舗等併用住宅": 67,
        "店舗等併用共同住宅": 58,
        "宿泊施設": 73
      },
      "ratios": {
        "官公庁施設": 0.052,
        "共同住宅": 0.036,
        "住宅": 0.1252,
        "商業施設": 0.0597,
        "文教厚生施設": 0.2986,
        "業務施設": 0.4083,
        "商業系複合施設": 0.0004,
        "店舗等併用住宅": 0.0067,
        "店舗等併用共同住宅": 0.0058,
        "宿泊施設": 0.0073
      }
    },
    {
      "id": 1,
      "name": "戸建住宅地域",
      "color": "#27ae60",
      "count": 4500,
      "avg_buildings": 93.78,
      "avg_restaurants": 0.8862222222222222,
      "sum_buildings": 422010,
      "sum_restaurants": 3988,
      "building_types": {
        "官公庁施設": 603,
        "共同住宅": 32224,
        "住宅": 349078,
        "商業施設": 6784,
        "文教厚生施設": 13565,
        "業務施設": 9135,
        "商業系複合施設": 3,
        "店舗等併用住宅": 8390,
        "店舗等併用共同住宅": 1997,
        "宿泊施設": 231
      },
      "ratios": {
        "官公庁施設": 0.0014288760929835787,
        "共同住宅": 0.0763583801331722,
        "住宅": 0.8271794507239165,
        "商業施設": 0.016075448449088883,
        "文教厚生施設": 0.03214378806189427,
        "業務施設": 0.02164640648325869,
        "商業系複合施設": 7.108836283500391e-06,
        "店舗等併用住宅": 0.019881045472856095,
        "店舗等併用共同住宅": 0.004732115352716761,
        "宿泊施設": 0.0005473803938295301
      }
    },
    {
      "id": 2,
      "name": "複合商業地域",
      "color": "#ffd54f",
      "count": 2,
      "avg_buildings": 1.5,
      "avg_restaurants": 44.5,
      "sum_buildings": 3,
      "sum_restaurants": 89,
      "building_types": {
        "官公庁施設": 0,
        "共同住宅": 0,
        "住宅": 0,
        "商業施設": 0,
        "文教厚生施設": 0,
        "業務施設": 0,
        "商業系複合施設": 3,
        "店舗等併用住宅": 0,
        "店舗等併用共同住宅": 0,
        "宿泊施設": 0
      },
      "ratios": {
        "官公庁施設": 0.0,
        "共同住宅": 0.0,
        "住宅": 0.0,
        "商業施設": 0.0,
        "文教厚生施設": 0.0,
        "業務施設": 0.0,
        "商業系複合施設": 1.0,
        "店舗等併用住宅": 0.0,
        "店舗等併用共同住宅": 0.0,
        "宿泊施設": 0.0
      }
    },
    {
      "id": 3,
      "name": "商業集積地域",
      "color": "#f1c40f",
      "count": 214,
      "avg_buildings": 9.369158878504672,
      "avg_restaurants": 13.149532710280374,
      "sum_buildings": 2005,
      "sum_restaurants": 2814,
      "building_types": {
        "官公庁施設": 10,
        "共同住宅": 45,
        "住宅": 166,
        "商業施設": 1490,
        "文教厚生施設": 86,
        "業務施設": 152,
        "商業系複合施設": 1,
        "店舗等併用住宅": 15,
        "店舗等併用共同住宅": 10,
        "宿泊施設": 30
      },
      "ratios": {
        "官公庁施設": 0.004987531172069825,
        "共同住宅": 0.022443890274314215,
        "住宅": 0.0827930174563591,
        "商業施設": 0.743142144638404,
        "文教厚生施設": 0.0428927680798005,
        "業務施設": 0.07581047381546134,
        "商業系複合施設": 0.0004987531172069825,
        "店舗等併用住宅": 0.007481296758104738,
        "店舗等併用共同住宅": 0.004987531172069825,
        "宿泊施設": 0.014962593516209476
      }
    },
    {
      "id": 4,
      "name": "住宅混合地域（戸建＋集合）",
      "color": "#58d68d",
      "count": 1397,
      "avg_buildings": 81.06299212598425,
      "avg_restaurants": 8.93128131710809,
      "sum_buildings": 113245,
      "sum_restaurants": 12477,
      "building_types": {
        "官公庁施設": 598,
        "共同住宅": 32188,
        "住宅": 44531,
        "商業施設": 7914,
        "文教厚生施設": 7509,
        "業務施設": 9073,
        "商業系複合施設": 45,
        "店舗等併用住宅": 4024,
        "店舗等併用共同住宅": 6755,
        "宿泊施設": 608
      },
      "ratios": {
        "官公庁施設": 0.005280586339352731,
        "共同住宅": 0.2842332994834209,
        "住宅": 0.3932270740430041,
        "商業施設": 0.06988388008300588,
        "文教厚生施設": 0.06630756324782551,
        "業務施設": 0.08011832751997881,
        "商業系複合施設": 0.00039736853724226234,
        "店舗等併用住宅": 0.035533577641396974,
        "店舗等併用共同住宅": 0.05964943264603294,
        "宿泊施設": 0.0053688904587399005
      }
    }
  ]
}