{
  "cluster_count": 4,
  "total_meshes": 7266,
  "clusters": [
    {
      "id": 0,
      "name": "戸建住宅地域",
      "color": "#27ae60",
      "count": 4526,
      "avg_buildings": 93.78060097216085,
      "avg_restaurants": 0.9538223596995139,
      "sum_buildings": 424451,
      "sum_restaurants": 4317,
      "building_types": {
        "官公庁施設": 628,
        "共同住宅": 32309,
        "住宅": 350211,
        "商業施設": 7034,
        "文教厚生施設": 13780,
        "業務施設": 9241,
        "商業系複合施設": 4,
        "店舗等併用住宅": 8957,
        "店舗等併用共同住宅": 2046,
        "宿泊施設": 241
      },
      "ratios": {
        "官公庁施設": 0.0014795583000157852,
        "共同住宅": 0.07611950496052548,
        "住宅": 0.8250917066987709,
        "商業施設": 0.016571995353998458,
        "文教厚生施設": 0.032465467156397324,
        "業務施設": 0.021771653265041196,
        "商業系複合施設": 9.423938216661052e-06,
        "店舗等併用住宅": 0.021102553651658258,
        "店舗等併用共同住宅": 0.0048203443978221275,
        "宿泊施設": 0.0005677922775538284
      }
    },
    {
      "id": 1,
      "name": "業務地域",
      "color": "#e74c3c",
      "count": 1047,
      "avg_buildings": 8.403056351480421,
      "avg_restaurants": 6.196752626552054,
      "sum_buildings": 8798,
      "sum_restaurants": 6488,
      "building_types": {
        "官公庁施設": 486,
        "共同住宅": 303,
        "住宅": 1002,
        "商業施設": 2137,
        "文教厚生施設": 292,
        "業務施設": 4222,
        "商業系複合施設": 7,
        "店舗等併用住宅": 72,
        "店舗等併用共同住宅": 74,
        "宿泊施設": 203
      },
      "ratios": {
        "官公庁施設": 0.05523982723346215,
        "共同住宅": 0.03443964537394863,
        "住宅": 0.11388952034553308,
        "商業施設": 0.24289611275289838,
        "文教厚生施設": 0.03318936121845874,
        "業務施設": 0.47988179131620823,
        "商業系複合施設": 0.0007956353716753807,
        "店舗等併用住宅": 0.008183678108661059,
        "店舗等併用共同住宅": 0.008411002500568312,
        "宿泊施設": 0.02307342577858604
      }
    },
    {
      "id": 2,
      "name": "文教施設地域",
      "color": "#3498db",
      "count": 357,
      "avg_buildings": 10.957983193277311,
      "avg_restaurants": 0.7142857142857143,
      "sum_buildings": 3912,
      "sum_restaurants": 255,
      "building_types": {
        "官公庁施設": 36,
        "共同住宅": 195,
        "住宅": 527,
        "商業施設": 96,
        "文教厚生施設": 2849,
        "業務施設": 151,
        "商業系複合施設": 1,
        "店舗等併用住宅": 30,
        "店舗等併用共同住宅": 13,
        "宿泊施設": 14
      },
      "ratios": {
        "官公庁施設": 0.009202453987730062,
        "共同住宅": 0.04984662576687116,
        "住宅": 0.13471370143149283,
        "商業施設": 0.024539877300613498,
        "文教厚生施設": 0.7282719836400818,
        "業務施設": 0.03859918200408998,
        "商業系複合施設": 0.0002556237218813906,
        "店舗等併用住宅": 0.007668711656441718,
        "店舗等併用共同住宅": 0.0033231083844580778,
        "宿泊施設": 0.0035787321063394683
      }
    },
    {
      "id": 3,
      "name": "住宅混合地域（戸建＋集合）",
      "color": "#58d68d",
      "count": 1336,
      "avg_buildings": 82.41167664670658,
      "avg_restaurants": 8.804640718562874,
      "sum_buildings": 110102,
      "sum_restaurants": 11763,
      "building_types": {
        "官公庁施設": 581,
        "共同住宅": 32010,
        "住宅": 43287,
        "商業施設": 7518,
        "文教厚生施設": 7225,
        "業務施設": 8829,
        "商業系複合施設": 44,
        "店舗等併用住宅": 3437,
        "店舗等併用共同住宅": 6687,
        "宿泊施設": 484
      },
      "ratios": {
        "官公庁施設": 0.005276925033151078,
        "共同住宅": 0.29073041361646473,
        "住宅": 0.39315362118762603,
        "商業施設": 0.0682821383807742,
        "文教厚生施設": 0.06562096964632795,
        "業務施設": 0.08018927903217017,
        "商業系複合施設": 0.00039962943452435013,
        "店舗等併用住宅": 0.031216508328640716,
        "店舗等併用共同住宅": 0.06073459156055294,
        "宿泊施設": 0.004395923779767851
      }
    }
  ]
}