{
  "cluster_count": 6,
  "total_meshes": 7266,
  "clusters": [
    {
      "id": 0,
      "name": "戸建住宅地域",
      "color": "#27ae60",
      "count": 4535,
      "avg_buildings": 93.64366041896362,
      "avg_restaurants": 0.9587651598676957,
      "sum_buildings": 424674,
      "sum_restaurants": 4348,
      "building_types": {
        "官公庁施設": 623,
        "共同住宅": 32327,
        "住宅": 350320,
        "商業施設": 7104,
        "文教厚生施設": 13798,
        "業務施設": 9247,
        "商業系複合施設": 4,
        "店舗等併用住宅": 8970,
        "店舗等併用共同住宅": 2051,
        "宿泊施設": 230
      },
      "ratios": {
        "官公庁施設": 0.001467007634091091,
        "共同住宅": 0.07612191940170578,
        "住宅": 0.8249151113560048,
        "商業施設": 0.01672812557396968,
        "文教厚生施設": 0.032490804711378614,
        "業務施設": 0.021774349265554285,
        "商業系複合施設": 9.418989624982929e-06,
        "店舗等併用住宅": 0.021122084234024216,
        "店舗等併用共同住宅": 0.004829586930209996,
        "宿泊施設": 0.0005415919034365183
      }
    },
    {
      "id": 1,
      "name": "商業集積地域",
      "color": "#f1c40f",
      "count": 213,
      "avg_buildings": 9.384976525821596,
      "avg_restaurants": 13.19718309859155,
      "sum_buildings": 1999,
      "sum_restaurants": 2811,
      "building_types": {
        "官公庁施設": 10,
        "共同住宅": 45,
        "住宅": 165,
        "商業施設": 1488,
        "文教厚生施設": 86,
        "業務施設": 152,
        "商業系複合施設": 1,
        "店舗等併用住宅": 16,
        "店舗等併用共同住宅": 10,
        "宿泊施設": 26
      },
      "ratios": {
        "官公庁施設": 0.0050025012506253125,
        "共同住宅": 0.022511255627813906,
        "住宅": 0.08254127063531766,
        "商業施設": 0.7443721860930466,
        "文教厚生施設": 0.04302151075537769,
        "業務施設": 0.07603801900950476,
        "商業系複合施設": 0.0005002501250625312,
        "店舗等併用住宅": 0.0080040020010005,
        "店舗等併用共同住宅": 0.0050025012506253125,
        "宿泊施設": 0.013006503251625813
      }
    },
    {
      "id": 2,
      "name": "文教施設地域",
      "color": "#3498db",
      "count": 351,
      "avg_buildings": 11.045584045584045,
      "avg_restaurants": 0.7008547008547008,
      "sum_buildings": 3877,
      "sum_restaurants": 246,
      "building_types": {
        "官公庁施設": 34,
        "共同住宅": 194,
        "住宅": 521,
        "商業施設": 90,
        "文教厚生施設": 2834,
        "業務施設": 149,
        "商業系複合施設": 1,
        "店舗等併用住宅": 30,
        "店舗等併用共同住宅": 13,
        "宿泊施設": 11
      },
      "ratios": {
        "官公庁施設": 0.008769667268506576,
        "共同住宅": 0.05003868970853753,
        "住宅": 0.13438225432035078,
        "商業施設": 0.02321382512251741,
        "文教厚生施設": 0.7309775599690482,
        "業務施設": 0.03843177714727882,
        "商業系複合施設": 0.00025793139025019347,
        "店舗等併用住宅": 0.007737941707505804,
        "店舗等併用共同住宅": 0.0033531080732525148,
        "宿泊施設": 0.002837245292752128
      }
    },
    {
      "id": 3,
      "name": "業務地域",
      "color": "#e74c3c",
      "count": 827,
      "avg_buildings": 8.027811366384523,
      "avg_restaurants": 4.169286577992745,
      "sum_buildings": 6639,
      "sum_restaurants": 3448,
      "building_types": {
        "官公庁施設": 483,
        "共同住宅": 256,
        "住宅": 800,
        "商業施設": 542,
        "文教厚生施設": 218,
        "業務施設": 4038,
        "商業系複合施設": 3,
        "店舗等併用住宅": 58,
        "店舗等併用共同住宅": 53,
        "宿泊施設": 188
      },
      "ratios": {
        "官公庁施設": 0.0727519204699503,
        "共同住宅": 0.038560024100015064,
        "住宅": 0.12050007531254707,
        "商業施設": 0.08163880102425064,
        "文教厚生施設": 0.032836270522669075,
        "業務施設": 0.6082241301400814,
        "商業系複合施設": 0.00045187528242205153,
        "店舗等併用住宅": 0.008736255460159662,
        "店舗等併用共同住宅": 0.007983129989456243,
        "宿泊施設": 0.028317517698448563
      }
    },
    {
      "id": 4,
      "name": "複合商業地域",
      "color": "#ffd54f",
      "count": 2,
      "avg_buildings": 1.5,
      "avg_restaurants": 44.5,
      "sum_buildings": 3,
      "sum_restaurants": 89,
      "building_types": {
        "官公庁施設": 0,
        "共同住宅": 0,
        "住宅": 0,
        "商業施設": 0,
        "文教厚生施設": 0,
        "業務施設": 0,
        "商業系複合施設": 3,
        "店舗等併用住宅": 0,
        "店舗等併用共同住宅": 0,
        "宿泊施設": 0
      },
      "ratios": {
        "官公庁施設": 0.0,
        "共同住宅": 0.0,
        "住宅": 0.0,
        "商業施設": 0.0,
        "文教厚生施設": 0.0,
        "業務施設": 0.0,
        "商業系複合施設": 1.0,
        "店舗等併用住宅": 0.0,
        "店舗等併用共同住宅": 0.0,
        "宿泊施設": 0.0
      }
    },
    {
      "id": 5,
      "name": "住宅混合地域（戸建＋集合）",
      "color": "#58d68d",
      "count": 1338,
      "avg_buildings": 82.26532137518684,
      "avg_restaurants": 8.8796711509716,
      "sum_buildings": 110071,
      "sum_restaurants": 11881,
      "building_types": {
        "官公庁施設": 581,
        "共同住宅": 31995,
        "住宅": 43221,
        "商業施設": 7561,
        "文教厚生施設": 7210,
        "業務施設": 8857,
        "商業系複合施設": 44,
        "店舗等併用住宅": 3422,
        "店舗等併用共同住宅": 6693,
        "宿泊施設": 487
      },
      "ratios": {
        "官公庁施設": 0.005278411207311645,
        "共同住宅": 0.2906760182064304,
        "住宅": 0.3926647345804072,
        "商業施設": 0.06869202605590936,
        "文教厚生施設": 0.06550317522326499,
        "業務施設": 0.08046624451490401,
        "商業系複合施設": 0.0003997419847189541,
        "店舗等併用住宅": 0.03108902435700593,
        "店舗等併用共同住宅": 0.060806206902817274,
        "宿泊施設": 0.0044244169672302425
      }
    }
  ]
}